first_name,email
Arabella,amatts0@umn.edu
Edan,egowlett1@about.me
Patrizia,pdenerley2@ucoz.com
Alexei,apetters3@yolasite.com
Luca,lmiddleditch4@state.gov
Chelsie,chendrick5@squarespace.com
Jessi,jterram6@newsvine.com
Conway,cadamiec7@youtube.com
Isaac,ibrudenell8@usgs.gov
Spencer,soutright9@blog.com
Linell,lholwella@naver.com
Ermanno,ehalvosenb@wordpress.com
Janek,jkenwoodc@examiner.com
Emmy,etolomellid@i2i.jp
Amanda,arosete@oracle.com
Toiboid,thurburtf@gizmodo.com
Wolf,wwardg@usda.gov
Hallsy,hstonerh@google.es
Perice,poggi@biglobe.ne.jp
Agace,asthillj@wikipedia.org
Celisse,cisaacsk@blogtalkradio.com
Trudey,tmenslerl@tripod.com
Nollie,nbentallm@ycombinator.com
Carita,chewinsn@mlb.com
Philomena,pcampellio@google.cn
